Edad,Nivel_Educativo,Estado_Civil,Ingresos,Region,Precio_Percibido,Precio_Maximo
39,Universitario,Soltero,1935,Cusco,47,60
33,Secundaria,Soltero,2684,Piura,45,35
41,Postgrado,Soltero,4042,Arequipa,43,51
50,Técnico,Soltero,4506,Chiclayo,31,30
32,Postgrado,Casado,4561,Lima,29,30
32,Universitario,Soltero,3708,Arequipa,38,40
50,Universitario,Soltero,3524,Cusco,44,43
42,Universitario,Casado,3092,Piura,32,41
30,Técnico,Casado,3278,Lima,45,50
40,Secundaria,Soltero,1948,Piura,49,49
30,Técnico,Soltero,1681,Trujillo,25,30
30,Técnico,Soltero,2496,Lima,26,22
37,Universitario,Divorciado,2329,Lima,33,30
18,Técnico,Soltero,2046,Piura,38,31
18,Secundaria,Divorciado,3196,Lima,29,29
29,Postgrado,Soltero,3455,Lima,48,56
24,Universitario,Soltero,2588,Lima,39,47
38,Universitario,Soltero,3977,Piura,35,39
25,Postgrado,Soltero,1358,Trujillo,20,16
20,Secundaria,Soltero,2306,Cusco,21,28
49,Universitario,Soltero,1783,Lima,37,42
32,Universitario,Soltero,874,Trujillo,13,17
35,Universitario,Divorciado,2417,Trujillo,45,37
20,Secundaria,Soltero,2378,Piura,33,38
29,Universitario,Casado,4013,Chiclayo,67,65
36,Técnico,Soltero,3130,Lima,58,60
23,Técnico,Soltero,1475,Trujillo,33,37
38,Universitario,Soltero,4354,Lima,33,39
28,Universitario,Soltero,3721,Arequipa,44,47
32,Universitario,Divorciado,3082,Lima,52,56
28,Secundaria,Soltero,2273,Lima,18,16
53,Universitario,Soltero,1540,Lima,17,25
34,Técnico,Soltero,2127,Trujillo,28,28
24,Secundaria,Soltero,3588,Lima,40,50
43,Universitario,Soltero,4384,Cusco,39,40
22,Postgrado,Casado,4043,Arequipa,45,48
37,Universitario,Casado,2011,Lima,23,23
18,Universitario,Soltero,1380,Cusco,11,18
21,Universitario,Soltero,2640,Lima,43,47
36,Universitario,Soltero,874,Arequipa,26,32
42,Secundaria,Soltero,2823,Trujillo,14,14
36,Universitario,Soltero,2352,Lima,36,32
33,Técnico,Soltero,2033,Lima,42,43
31,Técnico,Soltero,905,Lima,33,29
20,Universitario,Soltero,3013,Chiclayo,30,36
27,Universitario,Soltero,1967,Trujillo,33,31
30,Secundaria,Soltero,1330,Trujillo,31,34
45,Técnico,Soltero,874,Trujillo,21,20
38,Universitario,Soltero,2472,Lima,27,32
18,Secundaria,Casado,4272,Arequipa,40,46
38,Universitario,Soltero,4161,Cusco,38,45
31,Universitario,Soltero,2042,Lima,36,41
28,Universitario,Soltero,1897,Lima,25,27
41,Universitario,Casado,2968,Lima,33,28
45,Universitario,Soltero,1501,Arequipa,13,13
44,Técnico,Soltero,2801,Chiclayo,36,34
26,Universitario,Soltero,3266,Lima,49,57
31,Universitario,Casado,3726,Arequipa,20,22
38,Técnico,Divorciado,2399,Lima,29,33
44,Universitario,Soltero,2296,Chiclayo,38,38
30,Universitario,Casado,1622,Lima,47,48
33,Universitario,Divorciado,1673,Arequipa,30,36
23,Universitario,Casado,2273,Cusco,28,33
23,Universitario,Soltero,2867,Cusco,15,20
43,Universitario,Soltero,3413,Arequipa,36,38
48,Universitario,Soltero,1696,Lima,55,55
34,Universitario,Casado,3992,Lima,37,36
45,Universitario,Soltero,2228,Lima,34,37
38,Universitario,Soltero,2478,Lima,38,46
28,Universitario,Soltero,1752,Arequipa,34,38
38,Secundaria,Casado,874,Lima,26,19
50,Universitario,Casado,3384,Lima,43,54
34,Universitario,Soltero,3236,Trujillo,37,42
50,Secundaria,Casado,2218,Chiclayo,35,27
18,Universitario,Soltero,2566,Trujillo,25,28
43,Secundaria,Casado,3015,Lima,48,50
35,Técnico,Soltero,937,Lima,41,50
32,Universitario,Soltero,1970,Chiclayo,29,25
35,Secundaria,Casado,3294,Lima,45,50
18,Universitario,Soltero,1245,Lima,30,41
32,Universitario,Casado,2793,Trujillo,27,25
38,Universitario,Soltero,1143,Trujillo,27,27
49,Secundaria,Soltero,2966,Trujillo,17,13
29,Técnico,Soltero,2464,Lima,39,43
26,Universitario,Soltero,884,Lima,16,21
29,Postgrado,Soltero,3664,Chiclayo,22,30
44,Universitario,Soltero,1765,Lima,14,22
38,Técnico,Soltero,1689,Trujillo,34,30
29,Universitario,Soltero,2700,Cusco,33,29
40,Universitario,Divorciado,3648,Trujillo,31,32
35,Universitario,Divorciado,1484,Lima,24,27
44,Secundaria,Soltero,2561,Lima,23,28
27,Universitario,Casado,2928,Trujillo,39,41
31,Universitario,Soltero,3193,Piura,29,33
31,Postgrado,Soltero,2676,Chiclayo,38,48
20,Técnico,Casado,2132,Lima,26,31
37,Universitario,Divorciado,1672,Lima,36,36
37,Universitario,Soltero,2586,Chiclayo,48,49
35,Secundaria,Casado,1427,Cusco,40,37
32,Universitario,Soltero,874,Piura,30,39
20,Universitario,Divorciado,2936,Lima,37,42
30,Secundaria,Soltero,3403,Trujillo,32,33
31,Técnico,Soltero,874,Cusco,35,32
26,Universitario,Soltero,1490,Trujillo,31,39
33,Secundaria,Soltero,3119,Arequipa,33,45
39,Universitario,Soltero,4557,Lima,37,45
53,Técnico,Divorciado,2520,Trujillo,25,25
36,Universitario,Soltero,1771,Lima,24,28
37,Secundaria,Soltero,2317,Arequipa,21,13
34,Universitario,Soltero,3874,Chiclayo,18,24
18,Postgrado,Soltero,1854,Lima,22,28
34,Postgrado,Soltero,1700,Piura,36,40
35,Universitario,Soltero,2017,Lima,26,28
59,Secundaria,Soltero,1546,Trujillo,40,38
33,Universitario,Soltero,2622,Chiclayo,35,36
38,Secundaria,Soltero,4124,Lima,15,23
34,Secundaria,Casado,2823,Lima,41,41
23,Técnico,Casado,2247,Arequipa,43,56
46,Universitario,Soltero,2208,Lima,25,33
42,Universitario,Soltero,936,Cusco,39,34
42,Universitario,Soltero,3383,Chiclayo,26,29
25,Universitario,Soltero,2422,Arequipa,35,39
49,Técnico,Soltero,2319,Lima,22,15
20,Postgrado,Soltero,5693,Arequipa,17,31
40,Universitario,Soltero,2798,Cusco,31,37
56,Universitario,Soltero,1748,Lima,33,39
25,Secundaria,Soltero,2073,Trujillo,31,35
29,Universitario,Casado,3648,Trujillo,23,20
35,Universitario,Divorciado,2613,Trujillo,31,30
29,Técnico,Soltero,1061,Lima,37,44
19,Secundaria,Soltero,3419,Cusco,34,32
35,Universitario,Casado,1831,Lima,36,25
24,Universitario,Casado,4373,Lima,28,32
39,Técnico,Soltero,3580,Piura,46,47
25,Postgrado,Soltero,2052,Cusco,23,29
50,Secundaria,Soltero,3781,Lima,39,45
27,Universitario,Soltero,2567,Lima,46,56
31,Postgrado,Soltero,3352,Lima,39,46
43,Universitario,Soltero,2984,Lima,32,42
22,Universitario,Soltero,1653,Lima,29,27
37,Universitario,Soltero,1856,Lima,45,51
48,Técnico,Casado,3529,Arequipa,20,24
18,Postgrado,Soltero,2165,Cusco,25,24
36,Universitario,Soltero,2096,Trujillo,31,27
37,Universitario,Soltero,1544,Trujillo,47,45
42,Técnico,Soltero,2923,Lima,38,38
22,Técnico,Divorciado,4562,Chiclayo,25,29
21,Secundaria,Soltero,1432,Piura,31,29
40,Universitario,Soltero,2524,Piura,28,27
37,Técnico,Casado,3912,Piura,27,23
37,Universitario,Soltero,2420,Chiclayo,44,52
38,Universitario,Casado,2952,Arequipa,21,25
28,Postgrado,Soltero,1437,Lima,51,56
37,Técnico,Soltero,2928,Trujillo,43,44
37,Universitario,Soltero,2312,Cusco,45,54
27,Universitario,Soltero,3485,Cusco,30,32
53,Universitario,Casado,3687,Arequipa,33,42
39,Universitario,Casado,5089,Lima,20,25
23,Universitario,Soltero,3079,Lima,29,36
41,Universitario,Soltero,2825,Chiclayo,39,54
25,Secundaria,Casado,2694,Trujillo,47,43
42,Secundaria,Divorciado,2146,Arequipa,23,23
46,Universitario,Soltero,2838,Lima,31,30
26,Universitario,Soltero,2204,Lima,33,44
44,Universitario,Soltero,2668,Piura,21,32
39,Universitario,Casado,3817,Trujillo,40,49
43,Secundaria,Soltero,1493,Cusco,27,32
53,Secundaria,Soltero,3639,Arequipa,33,36
32,Universitario,Casado,3817,Trujillo,30,30
27,Universitario,Soltero,2381,Lima,27,26
26,Técnico,Soltero,874,Cusco,34,45
26,Universitario,Soltero,1892,Arequipa,32,40
34,Secundaria,Soltero,3796,Arequipa,31,32
38,Universitario,Soltero,2477,Trujillo,27,36
37,Técnico,Soltero,1500,Chiclayo,38,33
43,Universitario,Soltero,1995,Lima,51,57
35,Técnico,Soltero,3340,Piura,36,37
49,Universitario,Casado,3046,Lima,44,50
32,Secundaria,Casado,2261,Arequipa,21,22
62,Secundaria,Soltero,2133,Lima,36,32
41,Universitario,Soltero,2108,Lima,24,30
26,Universitario,Soltero,1577,Arequipa,20,30
24,Universitario,Soltero,4115,Lima,27,34
39,Técnico,Soltero,2177,Arequipa,46,52
32,Universitario,Soltero,3717,Chiclayo,44,42
42,Universitario,Soltero,4021,Lima,37,42
39,Universitario,Soltero,3498,Cusco,19,19
34,Secundaria,Soltero,2068,Arequipa,33,39
26,Universitario,Soltero,2903,Trujillo,38,44
19,Secundaria,Soltero,2475,Lima,36,44
30,Técnico,Soltero,1596,Lima,16,22
43,Postgrado,Soltero,2824,Lima,26,34
37,Secundaria,Casado,1320,Lima,34,35
22,Universitario,Casado,3687,Lima,40,41
36,Universitario,Soltero,2035,Trujillo,13,16
38,Universitario,Soltero,2701,Piura,33,34
26,Universitario,Soltero,2783,Piura,36,40
36,Secundaria,Soltero,2241,Trujillo,43,43
35,Técnico,Soltero,3086,Lima,41,40
23,Universitario,Casado,2025,Lima,40,36
38,Secundaria,Soltero,3371,Lima,27,27
40,Técnico,Casado,1154,Lima,15,15
45,Secundaria,Soltero,2626,Arequipa,31,28
45,Secundaria,Soltero,4438,Arequipa,45,49
21,Universitario,Casado,1499,Lima,48,60
25,Secundaria,Soltero,1822,Lima,42,50
40,Universitario,Soltero,3013,Piura,39,50
40,Universitario,Soltero,2679,Cusco,38,43
40,Universitario,Soltero,2850,Lima,29,39
65,Técnico,Divorciado,2989,Chiclayo,33,29
40,Secundaria,Soltero,3134,Chiclayo,51,49
46,Secundaria,Divorciado,3609,Lima,25,13
44,Universitario,Divorciado,2909,Lima,51,59
41,Universitario,Casado,2258,Arequipa,31,41
31,Secundaria,Soltero,3172,Chiclayo,48,47
42,Universitario,Soltero,4399,Piura,20,22
27,Secundaria,Casado,2367,Lima,40,40
32,Universitario,Soltero,1525,Lima,27,32
30,Universitario,Soltero,3607,Trujillo,20,28
35,Universitario,Soltero,2379,Arequipa,37,34
58,Universitario,Soltero,874,Lima,45,51
18,Universitario,Soltero,3347,Piura,26,30
41,Técnico,Soltero,1964,Trujillo,20,20
18,Universitario,Soltero,2409,Piura,34,42
30,Secundaria,Casado,2831,Piura,34,33
45,Universitario,Soltero,2690,Cusco,40,43
35,Universitario,Divorciado,3209,Arequipa,44,46
24,Universitario,Soltero,2064,Trujillo,34,43
27,Universitario,Casado,3013,Lima,53,61
41,Universitario,Soltero,2240,Trujillo,37,42
27,Universitario,Casado,3238,Lima,31,30
37,Universitario,Soltero,3115,Trujillo,18,20
35,Secundaria,Casado,1564,Lima,32,35
28,Secundaria,Soltero,3585,Lima,31,37
56,Técnico,Casado,1964,Lima,44,46
41,Secundaria,Divorciado,3308,Lima,39,48
18,Universitario,Soltero,2867,Cusco,23,33
36,Técnico,Soltero,4338,Cusco,36,38
28,Postgrado,Casado,2276,Arequipa,41,44
43,Técnico,Soltero,2150,Lima,50,41
27,Técnico,Casado,2480,Lima,43,46
33,Universitario,Soltero,2196,Lima,42,46
40,Universitario,Soltero,3299,Lima,35,42
43,Universitario,Divorciado,883,Piura,38,37
22,Universitario,Soltero,1446,Lima,47,51
31,Universitario,Casado,1432,Lima,21,14
30,Técnico,Soltero,3450,Lima,31,30
28,Postgrado,Soltero,4210,Lima,27,37
52,Postgrado,Soltero,2395,Arequipa,38,51
39,Universitario,Soltero,2331,Trujillo,47,50
22,Técnico,Soltero,2570,Lima,29,36
44,Universitario,Soltero,3661,Lima,11,20
56,Secundaria,Soltero,1572,Lima,30,27
45,Secundaria,Soltero,2738,Lima,44,49
19,Técnico,Casado,3475,Lima,40,40
30,Universitario,Soltero,3001,Chiclayo,39,46
47,Universitario,Soltero,2689,Trujillo,32,36
27,Universitario,Soltero,3501,Trujillo,22,29
39,Universitario,Soltero,874,Arequipa,40,40
42,Universitario,Casado,3177,Arequipa,26,32
25,Técnico,Soltero,1845,Arequipa,56,69
34,Técnico,Soltero,874,Trujillo,40,34
18,Postgrado,Soltero,3011,Cusco,29,33
24,Secundaria,Soltero,3873,Lima,28,35
32,Universitario,Casado,2362,Arequipa,34,40
22,Universitario,Soltero,3452,Arequipa,32,37
51,Universitario,Casado,4112,Piura,46,33
20,Universitario,Soltero,3814,Trujillo,36,47
30,Universitario,Soltero,4139,Arequipa,27,35
36,Universitario,Casado,3242,Lima,53,48
49,Universitario,Soltero,2575,Trujillo,35,35
20,Universitario,Soltero,898,Lima,42,54
46,Técnico,Soltero,2253,Lima,28,38
35,Universitario,Soltero,1656,Lima,38,45
25,Universitario,Soltero,4670,Trujillo,38,43
39,Técnico,Soltero,2324,Lima,16,20
36,Universitario,Soltero,2623,Lima,55,60
28,Universitario,Soltero,3051,Piura,47,57
35,Universitario,Soltero,2543,Lima,31,32
31,Secundaria,Soltero,4195,Arequipa,23,22
36,Universitario,Soltero,1877,Arequipa,38,46
41,Universitario,Soltero,2694,Lima,35,40
50,Secundaria,Divorciado,1757,Cusco,38,41
22,Técnico,Soltero,1179,Lima,36,36
56,Postgrado,Casado,1888,Arequipa,40,41
18,Técnico,Soltero,2462,Trujillo,49,48
33,Universitario,Soltero,2070,Trujillo,40,44
40,Universitario,Soltero,1807,Trujillo,24,18
37,Técnico,Soltero,1093,Lima,48,47
28,Universitario,Soltero,2416,Lima,51,51
32,Universitario,Soltero,995,Cusco,66,70
30,Universitario,Soltero,3260,Arequipa,23,31
29,Técnico,Casado,2582,Piura,37,30
43,Universitario,Soltero,1042,Piura,14,21
38,Secundaria,Soltero,2190,Piura,40,53
28,Universitario,Casado,1747,Arequipa,29,33
43,Postgrado,Soltero,2819,Lima,54,56
38,Técnico,Soltero,3840,Cusco,27,42
43,Universitario,Soltero,874,Arequipa,18,15
41,Técnico,Casado,2615,Lima,30,32
26,Universitario,Casado,2339,Piura,15,19
29,Secundaria,Soltero,3171,Piura,42,51
42,Postgrado,Soltero,2713,Arequipa,14,21
41,Universitario,Divorciado,1748,Lima,35,34
34,Técnico,Soltero,2180,Lima,14,13
36,Secundaria,Soltero,1703,Piura,31,29
47,Secundaria,Soltero,3576,Chiclayo,51,47
29,Universitario,Soltero,2521,Lima,38,46
40,Técnico,Soltero,4401,Lima,26,27
32,Universitario,Soltero,2439,Piura,34,30
32,Universitario,Soltero,1791,Lima,35,44
45,Técnico,Soltero,986,Arequipa,39,38
43,Universitario,Casado,874,Chiclayo,21,14
43,Universitario,Soltero,915,Lima,40,43
48,Secundaria,Soltero,2767,Trujillo,10,12
35,Secundaria,Soltero,3008,Lima,28,23
41,Secundaria,Soltero,918,Lima,30,33
31,Universitario,Soltero,3395,Piura,41,39
38,Universitario,Soltero,2016,Arequipa,35,48
33,Universitario,Casado,2646,Chiclayo,20,24
35,Universitario,Casado,4112,Trujillo,25,25
40,Universitario,Soltero,3396,Lima,36,38
26,Universitario,Soltero,2231,Lima,34,41
55,Universitario,Soltero,1608,Lima,29,35
24,Técnico,Casado,874,Lima,30,31
22,Secundaria,Casado,1780,Lima,41,41
46,Técnico,Soltero,2288,Lima,29,33
42,Secundaria,Soltero,1512,Arequipa,34,32
41,Universitario,Casado,2368,Cusco,56,56
41,Universitario,Soltero,2576,Trujillo,20,13
34,Secundaria,Soltero,2275,Cusco,16,21
26,Secundaria,Soltero,1849,Lima,42,47
35,Universitario,Soltero,2668,Lima,28,30
28,Universitario,Casado,2941,Trujillo,31,43
44,Técnico,Divorciado,1409,Arequipa,27,27
33,Universitario,Soltero,3910,Lima,32,32
26,Secundaria,Soltero,2401,Piura,50,57
31,Secundaria,Soltero,2518,Cusco,43,46
39,Postgrado,Soltero,3208,Arequipa,43,50
29,Postgrado,Soltero,2733,Lima,20,25
26,Secundaria,Soltero,3453,Cusco,23,29
37,Postgrado,Soltero,2787,Trujillo,10,12
37,Universitario,Soltero,1887,Cusco,26,30
29,Universitario,Soltero,2861,Cusco,44,40
30,Universitario,Soltero,1356,Piura,40,39
37,Universitario,Soltero,2608,Arequipa,32,45
20,Universitario,Soltero,2466,Lima,34,38
20,Universitario,Divorciado,2291,Trujillo,28,28
27,Secundaria,Soltero,2371,Trujillo,37,38
32,Secundaria,Soltero,874,Cusco,42,35
38,Técnico,Casado,1951,Lima,18,6
49,Universitario,Divorciado,2592,Lima,37,39
43,Técnico,Soltero,2659,Piura,44,46
33,Universitario,Casado,1472,Cusco,30,29
34,Postgrado,Soltero,3765,Chiclayo,42,45
24,Secundaria,Soltero,1633,Cusco,63,65
34,Universitario,Soltero,3469,Trujillo,33,41
32,Universitario,Soltero,2927,Trujillo,38,41
38,Universitario,Soltero,1853,Piura,27,26
26,Secundaria,Soltero,4275,Trujillo,36,38
40,Universitario,Soltero,1306,Trujillo,39,43
50,Universitario,Soltero,3419,Lima,36,48
33,Postgrado,Soltero,3500,Arequipa,24,26
39,Universitario,Soltero,1829,Cusco,37,39
41,Universitario,Soltero,3892,Lima,49,56
30,Universitario,Casado,2249,Lima,39,38
37,Universitario,Casado,2788,Lima,44,48
35,Universitario,Casado,2760,Lima,32,28
35,Secundaria,Soltero,2365,Lima,42,37
27,Universitario,Casado,3310,Arequipa,37,44
35,Universitario,Soltero,3293,Chiclayo,25,27
39,Universitario,Soltero,874,Arequipa,38,43
49,Técnico,Soltero,3804,Lima,25,28
44,Universitario,Soltero,874,Lima,28,27
56,Universitario,Soltero,3532,Trujillo,36,39
27,Universitario,Soltero,3626,Lima,37,38
43,Secundaria,Casado,1409,Piura,23,26
36,Universitario,Soltero,2089,Trujillo,45,42
56,Postgrado,Soltero,1394,Cusco,40,41
26,Secundaria,Divorciado,2285,Lima,27,25
26,Postgrado,Soltero,2191,Trujillo,19,27
29,Universitario,Soltero,3279,Lima,33,39
18,Universitario,Soltero,3810,Chiclayo,30,33
29,Universitario,Soltero,3895,Trujillo,36,45
27,Universitario,Soltero,1937,Lima,31,37
36,Universitario,Soltero,2290,Lima,14,22
38,Universitario,Soltero,874,Lima,31,30
53,Universitario,Soltero,1694,Trujillo,31,25
44,Técnico,Soltero,3464,Lima,41,45
29,Universitario,Soltero,4115,Trujillo,28,32
26,Universitario,Soltero,1265,Lima,51,59
39,Universitario,Casado,1907,Trujillo,15,14
21,Universitario,Soltero,2473,Piura,48,55
53,Universitario,Soltero,2780,Cusco,32,27
46,Universitario,Soltero,1690,Cusco,43,53
30,Secundaria,Soltero,2924,Lima,35,38
18,Universitario,Soltero,2026,Lima,46,56
48,Secundaria,Soltero,2485,Trujillo,31,28
33,Técnico,Casado,3046,Lima,24,27
47,Técnico,Casado,2506,Arequipa,49,44
19,Universitario,Soltero,2063,Lima,33,43
29,Universitario,Casado,2390,Lima,37,41
35,Universitario,Soltero,2411,Lima,47,53
35,Universitario,Soltero,2129,Piura,24,30
30,Técnico,Soltero,2241,Lima,40,37
41,Técnico,Soltero,4098,Trujillo,29,27
24,Técnico,Casado,3060,Lima,33,39
33,Secundaria,Soltero,2204,Trujillo,35,46
36,Universitario,Soltero,3196,Lima,19,24
40,Universitario,Casado,2166,Piura,27,31
42,Universitario,Soltero,3673,Piura,48,51
23,Universitario,Soltero,2869,Lima,43,59
19,Técnico,Soltero,2392,Chiclayo,34,29
47,Universitario,Casado,2947,Chiclayo,37,39
38,Universitario,Casado,929,Piura,32,23
27,Universitario,Soltero,1373,Piura,48,39
50,Secundaria,Soltero,1306,Lima,32,35
36,Técnico,Soltero,2642,Trujillo,37,39
46,Universitario,Casado,4232,Lima,46,48
35,Universitario,Soltero,4731,Lima,27,32
55,Universitario,Soltero,3138,Chiclayo,50,68
52,Universitario,Divorciado,3000,Lima,19,21
32,Universitario,Soltero,874,Cusco,51,55
44,Universitario,Soltero,1957,Piura,31,29
41,Universitario,Soltero,1712,Piura,32,35
48,Universitario,Divorciado,1879,Chiclayo,16,14
25,Postgrado,Soltero,2331,Lima,30,35
41,Secundaria,Soltero,2027,Lima,24,36
45,Técnico,Soltero,874,Arequipa,28,34
18,Secundaria,Soltero,3247,Lima,33,39
23,Universitario,Soltero,1427,Lima,44,38
18,Universitario,Soltero,2739,Lima,37,43
32,Técnico,Divorciado,4574,Cusco,38,50
42,Universitario,Soltero,1580,Trujillo,24,24
50,Secundaria,Soltero,874,Lima,26,32
35,Universitario,Soltero,2213,Trujillo,52,62
51,Técnico,Soltero,3600,Lima,27,32
21,Secundaria,Casado,4458,Lima,51,50
18,Universitario,Soltero,1270,Cusco,32,23
34,Técnico,Soltero,2996,Trujillo,35,39
38,Técnico,Soltero,2034,Cusco,45,42
34,Técnico,Soltero,2394,Lima,47,51
18,Universitario,Soltero,5144,Piura,33,32
34,Universitario,Soltero,997,Trujillo,31,31
21,Técnico,Casado,2753,Trujillo,34,36
41,Universitario,Divorciado,2967,Trujillo,38,41
38,Universitario,Soltero,3585,Piura,43,41
25,Técnico,Divorciado,2597,Trujillo,35,41
29,Universitario,Soltero,2808,Trujillo,41,44
24,Secundaria,Soltero,2108,Chiclayo,51,46
34,Técnico,Soltero,2769,Cusco,38,39
44,Universitario,Soltero,2156,Arequipa,38,44
25,Técnico,Soltero,3121,Cusco,19,23
40,Universitario,Soltero,2130,Lima,10,21
29,Universitario,Soltero,2877,Lima,38,44
27,Secundaria,Soltero,2470,Trujillo,34,37
33,Universitario,Soltero,3626,Chiclayo,29,27
24,Técnico,Casado,2448,Chiclayo,37,42
29,Postgrado,Soltero,874,Lima,34,40
23,Universitario,Soltero,3761,Arequipa,46,51
54,Universitario,Soltero,1594,Lima,35,29
35,Universitario,Soltero,1846,Chiclayo,27,35
28,Secundaria,Casado,1904,Chiclayo,44,37
37,Universitario,Soltero,3874,Trujillo,32,33
33,Postgrado,Soltero,874,Piura,40,43
32,Universitario,Casado,5637,Cusco,30,26
41,Universitario,Soltero,3556,Trujillo,28,24
42,Universitario,Soltero,2723,Lima,35,30
29,Técnico,Soltero,2445,Arequipa,35,43
29,Técnico,Casado,2785,Trujillo,39,38
32,Universitario,Soltero,3021,Trujillo,32,49
18,Universitario,Soltero,3145,Lima,16,19
19,Universitario,Soltero,3055,Chiclayo,30,31
48,Universitario,Soltero,2589,Lima,42,45
51,Técnico,Soltero,2302,Arequipa,32,37
32,Técnico,Soltero,2348,Trujillo,32,31
40,Universitario,Soltero,2305,Trujillo,44,50
38,Técnico,Divorciado,3633,Trujillo,27,22
65,Universitario,Casado,3093,Lima,19,16
46,Universitario,Soltero,874,Lima,33,28
33,Universitario,Casado,3155,Trujillo,30,20
25,Secundaria,Soltero,2694,Trujillo,25,26
18,Universitario,Soltero,2481,Lima,33,39
37,Universitario,Soltero,2111,Cusco,39,39
27,Universitario,Casado,3624,Arequipa,34,45
20,Secundaria,Casado,3447,Trujillo,38,45
28,Universitario,Soltero,1727,Piura,53,55
24,Universitario,Divorciado,2907,Lima,31,28
51,Técnico,Soltero,1528,Lima,37,36
43,Secundaria,Casado,1120,Cusco,29,24
34,Secundaria,Divorciado,1873,Trujillo,26,20
49,Universitario,Soltero,3362,Trujillo,29,29
35,Universitario,Casado,3453,Piura,30,28
26,Universitario,Soltero,3013,Piura,38,42
50,Técnico,Soltero,3225,Chiclayo,58,56
40,Universitario,Soltero,3016,Arequipa,27,34
24,Universitario,Soltero,1858,Arequipa,30,37
33,Universitario,Divorciado,2931,Arequipa,34,33
26,Postgrado,Soltero,3300,Lima,38,51
21,Secundaria,Soltero,3254,Trujillo,37,36
44,Universitario,Casado,3688,Lima,47,42
54,Universitario,Divorciado,3208,Chiclayo,10,13
21,Universitario,Soltero,2851,Trujillo,11,12
40,Universitario,Divorciado,3570,Trujillo,30,33
28,Universitario,Soltero,2473,Lima,45,40
30,Postgrado,Casado,1618,Lima,19,26
29,Secundaria,Soltero,2336,Lima,10,18
26,Secundaria,Soltero,1755,Arequipa,40,36
35,Universitario,Soltero,1824,Lima,37,33
26,Universitario,Soltero,2355,Trujillo,24,37
37,Técnico,Soltero,1707,Piura,25,21
34,Secundaria,Soltero,2192,Piura,25,22
32,Secundaria,Soltero,874,Trujillo,36,24
25,Universitario,Casado,2713,Lima,28,32
29,Técnico,Soltero,2501,Piura,39,41
42,Técnico,Soltero,1682,Piura,10,12
40,Técnico,Soltero,3159,Lima,26,23
25,Técnico,Soltero,3437,Cusco,23,19
35,Secundaria,Casado,892,Lima,32,34
42,Universitario,Casado,1737,Piura,29,33
18,Secundaria,Soltero,1730,Chiclayo,42,36
40,Universitario,Soltero,1560,Lima,16,24
28,Técnico,Casado,3329,Piura,35,37
40,Universitario,Soltero,2306,Trujillo,40,48
27,Universitario,Casado,2235,Chiclayo,53,56
18,Universitario,Soltero,874,Arequipa,30,23
18,Universitario,Casado,3135,Piura,38,41
35,Técnico,Soltero,1260,Lima,16,22
37,Técnico,Soltero,2559,Lima,11,10
25,Universitario,Divorciado,2777,Lima,43,47
41,Postgrado,Soltero,3860,Chiclayo,34,37
18,Universitario,Soltero,1191,Piura,46,35
34,Universitario,Soltero,874,Piura,21,30
22,Universitario,Soltero,2683,Chiclayo,40,41
28,Universitario,Soltero,4300,Lima,53,63
35,Secundaria,Soltero,3738,Lima,39,42
26,Universitario,Soltero,2709,Lima,37,50
31,Postgrado,Soltero,2008,Lima,35,43
45,Secundaria,Casado,3307,Lima,19,19
29,Universitario,Soltero,1526,Arequipa,48,49
43,Técnico,Soltero,2976,Lima,28,34
23,Universitario,Soltero,3005,Lima,40,38
40,Secundaria,Soltero,3560,Lima,19,25
49,Universitario,Soltero,5259,Lima,23,23
18,Universitario,Soltero,2892,Chiclayo,49,60
27,Técnico,Soltero,1991,Cusco,31,33
40,Universitario,Soltero,2474,Chiclayo,49,55
32,Universitario,Soltero,874,Arequipa,34,38
38,Universitario,Soltero,1805,Lima,16,11
28,Técnico,Soltero,2090,Cusco,43,42
35,Universitario,Soltero,1975,Lima,29,35
33,Secundaria,Soltero,2652,Lima,41,45
46,Postgrado,Soltero,1677,Lima,35,43
37,Universitario,Casado,3621,Lima,19,25
38,Universitario,Soltero,2500,Lima,36,37
30,Universitario,Soltero,2490,Lima,56,58
30,Universitario,Soltero,2172,Trujillo,39,43
30,Universitario,Soltero,2655,Lima,34,28
38,Secundaria,Soltero,3325,Lima,45,56
30,Universitario,Soltero,1632,Piura,37,41
37,Secundaria,Casado,1841,Lima,37,42
55,Universitario,Soltero,2196,Lima,24,22
43,Universitario,Divorciado,1154,Piura,37,42
31,Universitario,Soltero,1680,Lima,45,59
47,Secundaria,Soltero,2023,Lima,26,23
30,Técnico,Soltero,3374,Arequipa,49,55
18,Técnico,Soltero,2762,Lima,34,40
24,Técnico,Soltero,2693,Trujillo,26,22
18,Secundaria,Soltero,3350,Piura,44,50
31,Universitario,Soltero,2362,Lima,32,41
35,Universitario,Divorciado,2890,Trujillo,42,40
51,Técnico,Casado,2396,Arequipa,32,38
38,Universitario,Soltero,2765,Lima,34,31
32,Universitario,Soltero,1917,Trujillo,39,33
43,Universitario,Soltero,874,Lima,37,41
18,Universitario,Soltero,2365,Arequipa,15,23
37,Universitario,Soltero,3922,Lima,23,25
42,Universitario,Soltero,3426,Arequipa,44,53
20,Postgrado,Soltero,3465,Lima,33,43
46,Universitario,Soltero,3736,Piura,29,36
38,Técnico,Divorciado,2588,Lima,21,22
30,Universitario,Soltero,2697,Arequipa,24,32
41,Secundaria,Divorciado,1882,Arequipa,14,11
57,Universitario,Soltero,2183,Cusco,33,46
36,Universitario,Soltero,3115,Trujillo,29,28
37,Universitario,Soltero,3703,Trujillo,25,38
30,Universitario,Soltero,2360,Cusco,34,38
26,Universitario,Soltero,2049,Piura,38,37
43,Universitario,Soltero,2500,Lima,55,66
26,Técnico,Soltero,3101,Arequipa,19,25
35,Secundaria,Soltero,1056,Piura,46,49
30,Universitario,Soltero,874,Chiclayo,44,51
39,Secundaria,Soltero,1949,Piura,27,28
38,Universitario,Soltero,1279,Lima,37,38
45,Técnico,Soltero,1991,Lima,30,35
29,Postgrado,Soltero,2352,Arequipa,36,44
32,Universitario,Soltero,2046,Cusco,50,56
25,Universitario,Divorciado,3952,Arequipa,41,36
30,Secundaria,Soltero,2826,Arequipa,40,46
38,Universitario,Casado,2800,Piura,30,28
42,Universitario,Soltero,3122,Lima,20,33
25,Universitario,Soltero,1361,Piura,32,38
43,Universitario,Soltero,3539,Arequipa,47,54
48,Universitario,Soltero,2424,Lima,19,27
39,Secundaria,Soltero,3170,Arequipa,24,23
53,Universitario,Casado,1428,Cusco,36,43
27,Universitario,Soltero,946,Lima,25,39
22,Secundaria,Soltero,3317,Lima,27,34
18,Técnico,Soltero,2876,Chiclayo,30,40
49,Secundaria,Casado,1597,Lima,21,18
41,Secundaria,Soltero,1630,Trujillo,25,21
34,Secundaria,Soltero,3625,Trujillo,42,44
37,Postgrado,Soltero,1310,Arequipa,21,27
23,Universitario,Casado,4142,Trujillo,19,21
59,Postgrado,Divorciado,1599,Lima,28,32
36,Universitario,Soltero,3138,Trujillo,42,47
36,Técnico,Casado,2171,Lima,33,30
42,Universitario,Casado,3103,Trujillo,30,34
39,Universitario,Soltero,1955,Lima,35,42
37,Secundaria,Soltero,2337,Trujillo,17,19
27,Universitario,Soltero,2540,Lima,39,51
39,Técnico,Divorciado,1497,Lima,38,31
53,Universitario,Soltero,3240,Lima,30,38
48,Universitario,Casado,1986,Lima,45,41
50,Secundaria,Soltero,2271,Piura,23,19
29,Secundaria,Casado,1505,Lima,46,44
25,Universitario,Soltero,874,Chiclayo,36,35
33,Universitario,Soltero,2308,Chiclayo,31,32
35,Secundaria,Casado,4912,Trujillo,34,32
45,Postgrado,Casado,3284,Lima,33,40
18,Secundaria,Casado,2480,Lima,47,49
50,Universitario,Soltero,2237,Cusco,24,20
33,Postgrado,Soltero,2522,Lima,27,37
30,Técnico,Soltero,3047,Lima,45,44
24,Secundaria,Soltero,1319,Trujillo,29,30
18,Secundaria,Soltero,3614,Piura,44,50
43,Técnico,Soltero,3215,Cusco,51,53
35,Secundaria,Soltero,3218,Lima,30,38
22,Universitario,Divorciado,2938,Trujillo,41,47
22,Secundaria,Soltero,2519,Lima,23,24
31,Universitario,Soltero,3172,Lima,42,57
51,Postgrado,Soltero,3091,Piura,36,40
32,Universitario,Soltero,2145,Lima,39,44
19,Universitario,Soltero,1926,Lima,28,37
32,Técnico,Divorciado,2601,Lima,18,21
32,Universitario,Casado,4049,Piura,40,43
18,Universitario,Casado,1260,Cusco,14,27
34,Universitario,Divorciado,1032,Trujillo,31,29
32,Secundaria,Soltero,2664,Cusco,44,44
41,Universitario,Soltero,2550,Lima,36,42
53,Universitario,Soltero,2673,Arequipa,54,64
46,Técnico,Soltero,2743,Lima,45,41
32,Técnico,Soltero,2276,Lima,28,22
23,Universitario,Soltero,3989,Arequipa,35,40
60,Universitario,Soltero,899,Chiclayo,34,27
35,Universitario,Soltero,1671,Lima,19,20
35,Universitario,Soltero,2396,Lima,25,33
34,Secundaria,Soltero,874,Lima,29,26
36,Universitario,Soltero,2324,Lima,14,12
33,Universitario,Soltero,4161,Chiclayo,35,39
29,Secundaria,Soltero,2520,Arequipa,32,41
29,Técnico,Casado,2730,Arequipa,18,13
34,Universitario,Soltero,1239,Cusco,39,44
29,Secundaria,Soltero,1883,Lima,42,49
27,Universitario,Casado,2124,Arequipa,37,46
36,Técnico,Soltero,2182,Arequipa,31,40
32,Secundaria,Soltero,3781,Trujillo,40,52
50,Técnico,Soltero,3057,Chiclayo,41,41
18,Postgrado,Soltero,1388,Cusco,38,42
45,Universitario,Casado,2746,Lima,26,27
47,Postgrado,Casado,2998,Piura,37,39
18,Universitario,Soltero,3640,Lima,46,60
31,Secundaria,Soltero,4080,Lima,29,26
31,Universitario,Soltero,1484,Lima,55,54
20,Universitario,Soltero,1689,Lima,29,40
27,Universitario,Soltero,1242,Arequipa,35,45
23,Secundaria,Soltero,2265,Trujillo,28,30
52,Universitario,Soltero,2966,Chiclayo,37,44
44,Secundaria,Soltero,3487,Arequipa,17,22
47,Técnico,Soltero,2424,Arequipa,29,39
42,Universitario,Soltero,2180,Lima,24,30
23,Universitario,Soltero,2651,Lima,36,48
29,Técnico,Casado,1664,Trujillo,44,56
39,Universitario,Soltero,4589,Arequipa,41,49
22,Universitario,Soltero,892,Piura,11,15
42,Universitario,Divorciado,2684,Lima,55,61
32,Universitario,Soltero,4523,Lima,37,41
31,Postgrado,Soltero,2506,Arequipa,27,43
42,Universitario,Soltero,2309,Lima,36,42
39,Técnico,Soltero,2142,Lima,36,38
31,Universitario,Soltero,2319,Cusco,28,27
46,Universitario,Soltero,3872,Lima,36,46
24,Técnico,Soltero,874,Trujillo,28,33
41,Universitario,Casado,4033,Lima,30,31
40,Secundaria,Soltero,1076,Lima,28,32
31,Universitario,Soltero,2233,Lima,20,18
38,Universitario,Casado,2070,Piura,36,38
22,Universitario,Soltero,3088,Lima,40,50
44,Universitario,Casado,901,Cusco,40,47
33,Universitario,Soltero,2962,Lima,43,45
29,Universitario,Casado,4524,Cusco,38,35
45,Universitario,Soltero,1136,Lima,29,28
27,Secundaria,Casado,2689,Trujillo,43,38
20,Universitario,Casado,1838,Trujillo,21,28
19,Secundaria,Soltero,2925,Chiclayo,25,35
41,Universitario,Soltero,2519,Lima,25,32
22,Universitario,Soltero,1858,Lima,45,56
52,Universitario,Soltero,2987,Lima,44,50
18,Secundaria,Soltero,4304,Piura,39,42
51,Secundaria,Soltero,2309,Arequipa,45,47
37,Universitario,Soltero,3219,Cusco,26,28
34,Secundaria,Soltero,1206,Lima,38,32
29,Secundaria,Soltero,1543,Lima,33,38
38,Secundaria,Soltero,2972,Lima,43,46
34,Postgrado,Soltero,3984,Chiclayo,33,39
46,Universitario,Soltero,2855,Trujillo,31,35
36,Técnico,Soltero,2186,Chiclayo,40,41
36,Técnico,Soltero,2499,Lima,43,42
31,Técnico,Soltero,1249,Trujillo,28,28
34,Universitario,Soltero,3104,Trujillo,34,40
38,Universitario,Soltero,3382,Lima,24,24
18,Técnico,Casado,2047,Piura,10,12
21,Secundaria,Soltero,2029,Chiclayo,37,42
42,Secundaria,Soltero,2765,Piura,41,39
36,Universitario,Soltero,2063,Cusco,37,38
33,Universitario,Casado,2433,Lima,15,20
35,Técnico,Divorciado,4599,Lima,31,27
38,Secundaria,Soltero,2252,Chiclayo,12,15
29,Secundaria,Soltero,2141,Lima,48,49
27,Postgrado,Casado,1852,Cusco,24,30
36,Técnico,Soltero,3244,Cusco,47,59
25,Universitario,Soltero,2318,Trujillo,44,45
39,Universitario,Soltero,1850,Chiclayo,25,29
18,Universitario,Soltero,3821,Lima,23,27
45,Técnico,Divorciado,3919,Lima,38,44
39,Secundaria,Divorciado,1899,Lima,26,19
37,Universitario,Casado,874,Arequipa,36,40
44,Universitario,Soltero,3507,Lima,30,31
51,Universitario,Casado,1815,Lima,17,17
45,Universitario,Soltero,3290,Piura,12,10
18,Secundaria,Soltero,874,Chiclayo,37,42
22,Postgrado,Casado,3392,Lima,29,30
28,Universitario,Soltero,1288,Lima,29,37
35,Técnico,Soltero,3230,Chiclayo,41,41
40,Postgrado,Soltero,2514,Lima,46,51
27,Universitario,Casado,1546,Lima,32,36
36,Universitario,Soltero,2092,Lima,31,33
27,Universitario,Soltero,3186,Trujillo,40,47
28,Universitario,Soltero,2605,Lima,21,35
20,Universitario,Casado,3084,Chiclayo,37,37
25,Secundaria,Casado,4476,Arequipa,40,48
21,Técnico,Soltero,935,Arequipa,41,51
25,Universitario,Soltero,4117,Lima,15,18
45,Técnico,Soltero,2604,Arequipa,27,23
25,Técnico,Divorciado,1601,Trujillo,26,27
61,Universitario,Soltero,1169,Cusco,35,34
39,Universitario,Divorciado,2310,Cusco,39,49
36,Universitario,Soltero,3421,Trujillo,49,53
26,Postgrado,Casado,2372,Chiclayo,30,29
42,Técnico,Casado,4011,Piura,30,24
29,Secundaria,Soltero,1048,Cusco,46,52
36,Técnico,Divorciado,2487,Lima,37,36
60,Universitario,Soltero,1247,Lima,47,51
34,Universitario,Soltero,2863,Lima,37,46
46,Técnico,Soltero,3386,Trujillo,23,22
27,Universitario,Casado,2079,Arequipa,21,26
34,Universitario,Soltero,874,Arequipa,19,22
52,Universitario,Soltero,2698,Piura,41,47
28,Universitario,Soltero,2936,Piura,46,54
53,Técnico,Soltero,2904,Chiclayo,53,53
42,Universitario,Soltero,3735,Lima,43,49
29,Universitario,Soltero,1428,Trujillo,46,48
41,Universitario,Casado,3180,Lima,29,25
44,Universitario,Soltero,3692,Lima,23,30
41,Universitario,Soltero,874,Lima,43,55
19,Universitario,Soltero,2819,Lima,39,42
27,Secundaria,Soltero,1995,Arequipa,36,36
32,Universitario,Casado,2418,Piura,38,35
34,Postgrado,Casado,2847,Lima,38,44
41,Universitario,Soltero,2012,Cusco,47,53
36,Secundaria,Casado,1824,Arequipa,47,46
21,Secundaria,Casado,2534,Lima,40,39
38,Secundaria,Casado,1412,Arequipa,43,43
41,Universitario,Soltero,1414,Lima,40,36
40,Universitario,Divorciado,3179,Trujillo,30,32
45,Técnico,Soltero,1351,Arequipa,42,47
43,Universitario,Soltero,3166,Lima,21,20
39,Universitario,Soltero,2962,Lima,45,43
34,Universitario,Soltero,874,Arequipa,23,33
18,Universitario,Soltero,1822,Chiclayo,37,37
39,Universitario,Soltero,3694,Lima,26,36
37,Universitario,Soltero,1518,Cusco,40,41
37,Técnico,Casado,2035,Trujillo,34,33
22,Universitario,Casado,2962,Chiclayo,19,25
24,Universitario,Soltero,3283,Piura,39,40
45,Universitario,Casado,2248,Trujillo,29,31
34,Universitario,Casado,1902,Trujillo,43,41
41,Universitario,Casado,3922,Piura,35,30
35,Secundaria,Soltero,4238,Lima,38,43
35,Universitario,Soltero,3478,Lima,25,29
44,Secundaria,Divorciado,2585,Lima,29,30
29,Técnico,Soltero,1691,Piura,30,25
35,Universitario,Soltero,1669,Piura,43,51
30,Postgrado,Soltero,3022,Lima,51,60
30,Secundaria,Soltero,2918,Trujillo,26,31
31,Universitario,Soltero,3901,Arequipa,45,49
37,Universitario,Soltero,3150,Lima,13,10
30,Técnico,Soltero,996,Chiclayo,23,31
47,Universitario,Casado,3551,Lima,25,28
26,Universitario,Casado,1501,Lima,21,21
33,Universitario,Soltero,2116,Trujillo,19,25
30,Técnico,Divorciado,2750,Cusco,39,43
49,Técnico,Soltero,4495,Lima,32,35
36,Universitario,Soltero,5609,Trujillo,38,47
45,Universitario,Casado,3106,Arequipa,41,49
20,Secundaria,Casado,2316,Lima,37,35
37,Universitario,Divorciado,3034,Lima,41,41
43,Secundaria,Soltero,3387,Trujillo,34,39
35,Universitario,Casado,2179,Lima,23,13
45,Técnico,Soltero,4295,Chiclayo,45,46
29,Postgrado,Casado,2730,Piura,29,25
49,Técnico,Casado,2997,Chiclayo,25,22
57,Técnico,Soltero,3165,Lima,33,35
31,Secundaria,Soltero,2921,Chiclayo,25,25
30,Técnico,Casado,3338,Arequipa,30,29
49,Universitario,Soltero,1882,Lima,38,36
50,Postgrado,Soltero,1941,Lima,38,52
29,Técnico,Casado,1399,Lima,26,36
30,Universitario,Soltero,2939,Trujillo,30,28
32,Universitario,Casado,3278,Arequipa,45,55
21,Universitario,Soltero,2957,Lima,39,45
25,Universitario,Soltero,4174,Trujillo,55,61
24,Universitario,Casado,2494,Lima,46,51
27,Universitario,Soltero,3168,Trujillo,46,48
34,Universitario,Soltero,1408,Lima,21,28
37,Secundaria,Casado,2112,Piura,42,42
50,Universitario,Soltero,3195,Piura,34,35
25,Técnico,Soltero,3349,Arequipa,29,28
44,Universitario,Soltero,2206,Lima,36,37
32,Secundaria,Casado,2428,Lima,44,37
34,Universitario,Casado,982,Piura,40,40
41,Universitario,Casado,2142,Lima,26,24
